<?xml version="1.0" encoding="utf-8"?>
<extension type="plugin" version="2.5" method="upgrade" group="system">
	<name>SN_RSMEMBERSHIP</name>
	<author>JOOMI.IR IT Group</author>
	<creationDate>August 2015</creationDate>
	<copyright>Copyright (C) 2011-2015 GavickPro. All rights reserved.</copyright>
	<license>GNU General Public License version 2 or later</license>
	<authorEmail>info@joomi.ir</authorEmail>
	<authorUrl>www.joomi.ir</authorUrl>
	<version>1.0.0</version>
	<description>SN_RSMEMBERSHIP_DESCRIPTION</description>

	<scriptfile>script.php</scriptfile>
	
	<files>
		<filename plugin="sn_rsmembership">sn_rsmembership.php</filename>
		<filename>sn_rsmembership.xml</filename>
		<filename>script.php</filename>
		<filename>index.html</filename>
		<folder>libraries</folder>
	</files>

	<languages>
		<language tag="fa-IR">language/fa-IR/fa-IR.plg_system_sn_rsmembership.ini</language>
		<language tag="fa-IR">language/fa-IR/fa-IR.plg_system_sn_rsmembership.sys.ini</language>
		<language tag="en-GB">language/en-GB/en-GB.plg_system_sn_rsmembership.ini</language>
		<language tag="en-GB">language/en-GB/en-GB.plg_system_sn_rsmembership.sys.ini</language>
	</languages>

	<config>
        <fields name="params">
            <fieldset name="basic">

				<field name="sn_portal_title" type="text" default="پرداخت آنلاین" label="SN_RSMEMBERSHIP_PORTAL_TITLE" description="SN_RSMEMBERSHIP_PORTAL_TITLE_DESCRIPTION" />

				<field name="sn_pin" type="text" default="" label="SN_FIELD_PIN" description="SN_FIELD_PIN_DESC"/>
				<field name="sn_currency" type="list" default="1" label="SN_FIELD_CURRENCY" description="SN_FIELD_CURRENCY_DESC">
					<option value="0">SN_FIELD_CURRENCY_TOMAN</option>
					<option value="1">SN_FIELD_CURRENCY_RIAL</option>
				</field>
				<field name="sn_send_payer_info" type="list" default="1" label="SN_FIELD_SEND_PAYER_INFO" description="SN_FIELD_SEND_PAYER_INFO_DESC">
					<option value="1">SN_FIELD_ENABLE</option>
					<option value="0">SN_FIELD_DISABLE</option>
				</field>

            </fieldset>
        </fields>
    </config>
    
</extension>